<?xml version="1.0" encoding="UTF-8" standalone="yes"?>
<addon id="repository.rhdelo" name="RHDELO repository" version="1.0.1" provider-name="RHDELO">
	<extension point="xbmc.addon.repository" name="repository.rhdelo">
		<info compressed="false">https://raw.githubusercontent.com/Rhdelo/repositorioRHDELO/master/addons.xml</info>
		<checksum>https://raw.githubusercontent.com/Rhdelo/repositorioRHDELO/master/addons.xml.md5</checksum>
		<datadir zip="true">https://github.com/Rhdelo/repositorioRHDELO/raw/master/zips</datadir>
	</extension>
	<extension point="xbmc.addon.metadata">
		<summary>Repositorio Oficial RHDELO</summary>
		<description>RHDELO Repository</description>
		<disclaimer></disclaimer>
		<platform>all</platform>
	</extension>
</addon>